[
  {
    "country": "Afghanistan",
    "alpha-2_code": "AF",
    "alpha-3_code": "AFG",
    "numeric": "004"
  },
  {
    "country": "Åland Islands",
    "alpha-2_code": "AX",
    "alpha-3_code": "ALA",
    "numeric": "248"
  },
  {
    "country": "Albania",
    "alpha-2_code": "AL",
    "alpha-3_code": "ALB",
    "numeric": "008"
  },
  {
    "country": "Algeria",
    "alpha-2_code": "DZ",
    "alpha-3_code": "DZA",
    "numeric": "012"
  },
  {
    "country": "American Samoa",
    "alpha-2_code": "AS",
    "alpha-3_code": "ASM",
    "numeric": "016"
  },
  {
    "country": "Andorra",
    "alpha-2_code": "AD",
    "alpha-3_code": "AND",
    "numeric": "020"
  },
  {
    "country": "Angola",
    "alpha-2_code": "AO",
    "alpha-3_code": "AGO",
    "numeric": "024"
  },
  {
    "country": "Anguilla",
    "alpha-2_code": "AI",
    "alpha-3_code": "AIA",
    "numeric": "660"
  },
  {
    "country": "Antarctica",
    "alpha-2_code": "AQ",
    "alpha-3_code": "ATA",
    "numeric": "010"
  },
  {
    "country": "Antigua and Barbuda",
    "alpha-2_code": "AG",
    "alpha-3_code": "ATG",
    "numeric": "028"
  },
  {
    "country": "Argentina",
    "alpha-2_code": "AR",
    "alpha-3_code": "ARG",
    "numeric": "032"
  },
  {
    "country": "Armenia",
    "alpha-2_code": "AM",
    "alpha-3_code": "ARM",
    "numeric": "051"
  },
  {
    "country": "Aruba",
    "alpha-2_code": "AW",
    "alpha-3_code": "ABW",
    "numeric": "533"
  },
  {
    "country": "Australia",
    "alpha-2_code": "AU",
    "alpha-3_code": "AUS",
    "numeric": "036"
  },
  {
    "country": "Austria",
    "alpha-2_code": "AT",
    "alpha-3_code": "AUT",
    "numeric": "040"
  },
  {
    "country": "Azerbaijan",
    "alpha-2_code": "AZ",
    "alpha-3_code": "AZE",
    "numeric": "031"
  },
  {
    "country": "Bahamas (the)",
    "alpha-2_code": "BS",
    "alpha-3_code": "BHS",
    "numeric": "044"
  },
  {
    "country": "Bahrain",
    "alpha-2_code": "BH",
    "alpha-3_code": "BHR",
    "numeric": "048"
  },
  {
    "country": "Bangladesh",
    "alpha-2_code": "BD",
    "alpha-3_code": "BGD",
    "numeric": "050"
  },
  {
    "country": "Barbados",
    "alpha-2_code": "BB",
    "alpha-3_code": "BRB",
    "numeric": "052"
  },
  {
    "country": "Belarus",
    "alpha-2_code": "BY",
    "alpha-3_code": "BLR",
    "numeric": "112"
  },
  {
    "country": "Belgium",
    "alpha-2_code": "BE",
    "alpha-3_code": "BEL",
    "numeric": "056"
  },
  {
    "country": "Belize",
    "alpha-2_code": "BZ",
    "alpha-3_code": "BLZ",
    "numeric": "084"
  },
  {
    "country": "Benin",
    "alpha-2_code": "BJ",
    "alpha-3_code": "BEN",
    "numeric": "204"
  },
  {
    "country": "Bermuda",
    "alpha-2_code": "BM",
    "alpha-3_code": "BMU",
    "numeric": "060"
  },
  {
    "country": "Bhutan",
    "alpha-2_code": "BT",
    "alpha-3_code": "BTN",
    "numeric": "064"
  },
  {
    "country": "Bolivia (Plurinational State of)",
    "alpha-2_code": "BO",
    "alpha-3_code": "BOL",
    "numeric": "068"
  },
  {
    "country": "Bonaire, Sint Eustatius and Saba",
    "alpha-2_code": "BQ",
    "alpha-3_code": "BES",
    "numeric": "535"
  },
  {
    "country": "Bosnia and Herzegovina",
    "alpha-2_code": "BA",
    "alpha-3_code": "BIH",
    "numeric": "070"
  },
  {
    "country": "Botswana",
    "alpha-2_code": "BW",
    "alpha-3_code": "BWA",
    "numeric": "072"
  },
  {
    "country": "Bouvet Island",
    "alpha-2_code": "BV",
    "alpha-3_code": "BVT",
    "numeric": "074"
  },
  {
    "country": "Brazil",
    "alpha-2_code": "BR",
    "alpha-3_code": "BRA",
    "numeric": "076"
  },
  {
    "country": "British Indian Ocean Territory (the)",
    "alpha-2_code": "IO",
    "alpha-3_code": "IOT",
    "numeric": "086"
  },
  {
    "country": "Brunei Darussalam",
    "alpha-2_code": "BN",
    "alpha-3_code": "BRN",
    "numeric": "096"
  },
  {
    "country": "Bulgaria",
    "alpha-2_code": "BG",
    "alpha-3_code": "BGR",
    "numeric": "100"
  },
  {
    "country": "Burkina Faso",
    "alpha-2_code": "BF",
    "alpha-3_code": "BFA",
    "numeric": "854"
  },
  {
    "country": "Burundi",
    "alpha-2_code": "BI",
    "alpha-3_code": "BDI",
    "numeric": "108"
  },
  {
    "country": "Cabo Verde",
    "alpha-2_code": "CV",
    "alpha-3_code": "CPV",
    "numeric": "132"
  },
  {
    "country": "Cambodia",
    "alpha-2_code": "KH",
    "alpha-3_code": "KHM",
    "numeric": "116"
  },
  {
    "country": "Cameroon",
    "alpha-2_code": "CM",
    "alpha-3_code": "CMR",
    "numeric": "120"
  },
  {
    "country": "Canada",
    "alpha-2_code": "CA",
    "alpha-3_code": "CAN",
    "numeric": "124"
  },
  {
    "country": "Cayman Islands (the)",
    "alpha-2_code": "KY",
    "alpha-3_code": "CYM",
    "numeric": "136"
  },
  {
    "country": "Central African Republic (the)",
    "alpha-2_code": "CF",
    "alpha-3_code": "CAF",
    "numeric": "140"
  },
  {
    "country": "Chad",
    "alpha-2_code": "TD",
    "alpha-3_code": "TCD",
    "numeric": "148"
  },
  {
    "country": "Chile",
    "alpha-2_code": "CL",
    "alpha-3_code": "CHL",
    "numeric": "152"
  },
  {
    "country": "China",
    "alpha-2_code": "CN",
    "alpha-3_code": "CHN",
    "numeric": "156"
  },
  {
    "country": "Christmas Island",
    "alpha-2_code": "CX",
    "alpha-3_code": "CXR",
    "numeric": "162"
  },
  {
    "country": "Cocos (Keeling) Islands (the)",
    "alpha-2_code": "CC",
    "alpha-3_code": "CCK",
    "numeric": "166"
  },
  {
    "country": "Colombia",
    "alpha-2_code": "CO",
    "alpha-3_code": "COL",
    "numeric": "170"
  },
  {
    "country": "Comoros (the)",
    "alpha-2_code": "KM",
    "alpha-3_code": "COM",
    "numeric": "174"
  },
  {
    "country": "Congo (the Democratic Republic of the)",
    "alpha-2_code": "CD",
    "alpha-3_code": "COD",
    "numeric": "180"
  },
  {
    "country": "Congo (the)",
    "alpha-2_code": "CG",
    "alpha-3_code": "COG",
    "numeric": "178"
  },
  {
    "country": "Cook Islands (the)",
    "alpha-2_code": "CK",
    "alpha-3_code": "COK",
    "numeric": "184"
  },
  {
    "country": "Costa Rica",
    "alpha-2_code": "CR",
    "alpha-3_code": "CRI",
    "numeric": "188"
  },
  {
    "country": "Côte d'Ivoire",
    "alpha-2_code": "CI",
    "alpha-3_code": "CIV",
    "numeric": "384"
  },
  {
    "country": "Croatia",
    "alpha-2_code": "HR",
    "alpha-3_code": "HRV",
    "numeric": "191"
  },
  {
    "country": "Cuba",
    "alpha-2_code": "CU",
    "alpha-3_code": "CUB",
    "numeric": "192"
  },
  {
    "country": "Curaçao",
    "alpha-2_code": "CW",
    "alpha-3_code": "CUW",
    "numeric": "531"
  },
  {
    "country": "Cyprus",
    "alpha-2_code": "CY",
    "alpha-3_code": "CYP",
    "numeric": "196"
  },
  {
    "country": "Czechia",
    "alpha-2_code": "CZ",
    "alpha-3_code": "CZE",
    "numeric": "203"
  },
  {
    "country": "Denmark",
    "alpha-2_code": "DK",
    "alpha-3_code": "DNK",
    "numeric": "208"
  },
  {
    "country": "Djibouti",
    "alpha-2_code": "DJ",
    "alpha-3_code": "DJI",
    "numeric": "262"
  },
  {
    "country": "Dominica",
    "alpha-2_code": "DM",
    "alpha-3_code": "DMA",
    "numeric": "212"
  },
  {
    "country": "Dominican Republic (the)",
    "alpha-2_code": "DO",
    "alpha-3_code": "DOM",
    "numeric": "214"
  },
  {
    "country": "Ecuador",
    "alpha-2_code": "EC",
    "alpha-3_code": "ECU",
    "numeric": "218"
  },
  {
    "country": "Egypt",
    "alpha-2_code": "EG",
    "alpha-3_code": "EGY",
    "numeric": "818"
  },
  {
    "country": "El Salvador",
    "alpha-2_code": "SV",
    "alpha-3_code": "SLV",
    "numeric": "222"
  },
  {
    "country": "Equatorial Guinea",
    "alpha-2_code": "GQ",
    "alpha-3_code": "GNQ",
    "numeric": "226"
  },
  {
    "country": "Eritrea",
    "alpha-2_code": "ER",
    "alpha-3_code": "ERI",
    "numeric": "232"
  },
  {
    "country": "Estonia",
    "alpha-2_code": "EE",
    "alpha-3_code": "EST",
    "numeric": "233"
  },
  {
    "country": "Eswatini",
    "alpha-2_code": "SZ",
    "alpha-3_code": "SWZ",
    "numeric": "748"
  },
  {
    "country": "Ethiopia",
    "alpha-2_code": "ET",
    "alpha-3_code": "ETH",
    "numeric": "231"
  },
  {
    "country": "Falkland Islands (the) [Malvinas]",
    "alpha-2_code": "FK",
    "alpha-3_code": "FLK",
    "numeric": "238"
  },
  {
    "country": "Faroe Islands (the)",
    "alpha-2_code": "FO",
    "alpha-3_code": "FRO",
    "numeric": "234"
  },
  {
    "country": "Fiji",
    "alpha-2_code": "FJ",
    "alpha-3_code": "FJI",
    "numeric": "242"
  },
  {
    "country": "Finland",
    "alpha-2_code": "FI",
    "alpha-3_code": "FIN",
    "numeric": "246"
  },
  {
    "country": "France",
    "alpha-2_code": "FR",
    "alpha-3_code": "FRA",
    "numeric": "250"
  },
  {
    "country": "French Guiana",
    "alpha-2_code": "GF",
    "alpha-3_code": "GUF",
    "numeric": "254"
  },
  {
    "country": "French Polynesia",
    "alpha-2_code": "PF",
    "alpha-3_code": "PYF",
    "numeric": "258"
  },
  {
    "country": "French Southern Territories (the)",
    "alpha-2_code": "TF",
    "alpha-3_code": "ATF",
    "numeric": "260"
  },
  {
    "country": "Gabon",
    "alpha-2_code": "GA",
    "alpha-3_code": "GAB",
    "numeric": "266"
  },
  {
    "country": "Gambia (the)",
    "alpha-2_code": "GM",
    "alpha-3_code": "GMB",
    "numeric": "270"
  },
  {
    "country": "Georgia",
    "alpha-2_code": "GE",
    "alpha-3_code": "GEO",
    "numeric": "268"
  },
  {
    "country": "Germany",
    "alpha-2_code": "DE",
    "alpha-3_code": "DEU",
    "numeric": "276"
  },
  {
    "country": "Ghana",
    "alpha-2_code": "GH",
    "alpha-3_code": "GHA",
    "numeric": "288"
  },
  {
    "country": "Gibraltar",
    "alpha-2_code": "GI",
    "alpha-3_code": "GIB",
    "numeric": "292"
  },
  {
    "country": "Greece",
    "alpha-2_code": "GR",
    "alpha-3_code": "GRC",
    "numeric": "300"
  },
  {
    "country": "Greenland",
    "alpha-2_code": "GL",
    "alpha-3_code": "GRL",
    "numeric": "304"
  },
  {
    "country": "Grenada",
    "alpha-2_code": "GD",
    "alpha-3_code": "GRD",
    "numeric": "308"
  },
  {
    "country": "Guadeloupe",
    "alpha-2_code": "GP",
    "alpha-3_code": "GLP",
    "numeric": "312"
  },
  {
    "country": "Guam",
    "alpha-2_code": "GU",
    "alpha-3_code": "GUM",
    "numeric": "316"
  },
  {
    "country": "Guatemala",
    "alpha-2_code": "GT",
    "alpha-3_code": "GTM",
    "numeric": "320"
  },
  {
    "country": "Guernsey",
    "alpha-2_code": "GG",
    "alpha-3_code": "GGY",
    "numeric": "831"
  },
  {
    "country": "Guinea",
    "alpha-2_code": "GN",
    "alpha-3_code": "GIN",
    "numeric": "324"
  },
  {
    "country": "Guinea-Bissau",
    "alpha-2_code": "GW",
    "alpha-3_code": "GNB",
    "numeric": "624"
  },
  {
    "country": "Guyana",
    "alpha-2_code": "GY",
    "alpha-3_code": "GUY",
    "numeric": "328"
  },
  {
    "country": "Haiti",
    "alpha-2_code": "HT",
    "alpha-3_code": "HTI",
    "numeric": "332"
  },
  {
    "country": "Heard Island and McDonald Islands",
    "alpha-2_code": "HM",
    "alpha-3_code": "HMD",
    "numeric": "334"
  },
  {
    "country": "Holy See (the)",
    "alpha-2_code": "VA",
    "alpha-3_code": "VAT",
    "numeric": "336"
  },
  {
    "country": "Honduras",
    "alpha-2_code": "HN",
    "alpha-3_code": "HND",
    "numeric": "340"
  },
  {
    "country": "Hong Kong",
    "alpha-2_code": "HK",
    "alpha-3_code": "HKG",
    "numeric": "344"
  },
  {
    "country": "Hungary",
    "alpha-2_code": "HU",
    "alpha-3_code": "HUN",
    "numeric": "348"
  },
  {
    "country": "Iceland",
    "alpha-2_code": "IS",
    "alpha-3_code": "ISL",
    "numeric": "352"
  },
  {
    "country": "India",
    "alpha-2_code": "IN",
    "alpha-3_code": "IND",
    "numeric": "356"
  },
  {
    "country": "Indonesia",
    "alpha-2_code": "ID",
    "alpha-3_code": "IDN",
    "numeric": "360"
  },
  {
    "country": "Iran (Islamic Republic of)",
    "alpha-2_code": "IR",
    "alpha-3_code": "IRN",
    "numeric": "364"
  },
  {
    "country": "Iraq",
    "alpha-2_code": "IQ",
    "alpha-3_code": "IRQ",
    "numeric": "368"
  },
  {
    "country": "Ireland",
    "alpha-2_code": "IE",
    "alpha-3_code": "IRL",
    "numeric": "372"
  },
  {
    "country": "Isle of Man",
    "alpha-2_code": "IM",
    "alpha-3_code": "IMN",
    "numeric": "833"
  },
  {
    "country": "Israel",
    "alpha-2_code": "IL",
    "alpha-3_code": "ISR",
    "numeric": "376"
  },
  {
    "country": "Italy",
    "alpha-2_code": "IT",
    "alpha-3_code": "ITA",
    "numeric": "380"
  },
  {
    "country": "Jamaica",
    "alpha-2_code": "JM",
    "alpha-3_code": "JAM",
    "numeric": "388"
  },
  {
    "country": "Japan",
    "alpha-2_code": "JP",
    "alpha-3_code": "JPN",
    "numeric": "392"
  },
  {
    "country": "Jersey",
    "alpha-2_code": "JE",
    "alpha-3_code": "JEY",
    "numeric": "832"
  },
  {
    "country": "Jordan",
    "alpha-2_code": "JO",
    "alpha-3_code": "JOR",
    "numeric": "400"
  },
  {
    "country": "Kazakhstan",
    "alpha-2_code": "KZ",
    "alpha-3_code": "KAZ",
    "numeric": "398"
  },
  {
    "country": "Kenya",
    "alpha-2_code": "KE",
    "alpha-3_code": "KEN",
    "numeric": "404"
  },
  {
    "country": "Kiribati",
    "alpha-2_code": "KI",
    "alpha-3_code": "KIR",
    "numeric": "296"
  },
  {
    "country": "Korea (the Democratic People's Republic of)",
    "alpha-2_code": "KP",
    "alpha-3_code": "PRK",
    "numeric": "408"
  },
  {
    "country": "Korea (the Republic of)",
    "alpha-2_code": "KR",
    "alpha-3_code": "KOR",
    "numeric": "410"
  },
  {
    "country": "Kuwait",
    "alpha-2_code": "KW",
    "alpha-3_code": "KWT",
    "numeric": "414"
  },
  {
    "country": "Kyrgyzstan",
    "alpha-2_code": "KG",
    "alpha-3_code": "KGZ",
    "numeric": "417"
  },
  {
    "country": "Lao People's Democratic Republic (the)",
    "alpha-2_code": "LA",
    "alpha-3_code": "LAO",
    "numeric": "418"
  },
  {
    "country": "Latvia",
    "alpha-2_code": "LV",
    "alpha-3_code": "LVA",
    "numeric": "428"
  },
  {
    "country": "Lebanon",
    "alpha-2_code": "LB",
    "alpha-3_code": "LBN",
    "numeric": "422"
  },
  {
    "country": "Lesotho",
    "alpha-2_code": "LS",
    "alpha-3_code": "LSO",
    "numeric": "426"
  },
  {
    "country": "Liberia",
    "alpha-2_code": "LR",
    "alpha-3_code": "LBR",
    "numeric": "430"
  },
  {
    "country": "Libya",
    "alpha-2_code": "LY",
    "alpha-3_code": "LBY",
    "numeric": "434"
  },
  {
    "country": "Liechtenstein",
    "alpha-2_code": "LI",
    "alpha-3_code": "LIE",
    "numeric": "438"
  },
  {
    "country": "Lithuania",
    "alpha-2_code": "LT",
    "alpha-3_code": "LTU",
    "numeric": "440"
  },
  {
    "country": "Luxembourg",
    "alpha-2_code": "LU",
    "alpha-3_code": "LUX",
    "numeric": "442"
  },
  {
    "country": "Macao",
    "alpha-2_code": "MO",
    "alpha-3_code": "MAC",
    "numeric": "446"
  },
  {
    "country": "Republic of North Macedonia",
    "alpha-2_code": "MK",
    "alpha-3_code": "MKD",
    "numeric": "807"
  },
  {
    "country": "Madagascar",
    "alpha-2_code": "MG",
    "alpha-3_code": "MDG",
    "numeric": "450"
  },
  {
    "country": "Malawi",
    "alpha-2_code": "MW",
    "alpha-3_code": "MWI",
    "numeric": "454"
  },
  {
    "country": "Malaysia",
    "alpha-2_code": "MY",
    "alpha-3_code": "MYS",
    "numeric": "458"
  },
  {
    "country": "Maldives",
    "alpha-2_code": "MV",
    "alpha-3_code": "MDV",
    "numeric": "462"
  },
  {
    "country": "Mali",
    "alpha-2_code": "ML",
    "alpha-3_code": "MLI",
    "numeric": "466"
  },
  {
    "country": "Malta",
    "alpha-2_code": "MT",
    "alpha-3_code": "MLT",
    "numeric": "470"
  },
  {
    "country": "Marshall Islands (the)",
    "alpha-2_code": "MH",
    "alpha-3_code": "MHL",
    "numeric": "584"
  },
  {
    "country": "Martinique",
    "alpha-2_code": "MQ",
    "alpha-3_code": "MTQ",
    "numeric": "474"
  },
  {
    "country": "Mauritania",
    "alpha-2_code": "MR",
    "alpha-3_code": "MRT",
    "numeric": "478"
  },
  {
    "country": "Mauritius",
    "alpha-2_code": "MU",
    "alpha-3_code": "MUS",
    "numeric": "480"
  },
  {
    "country": "Mayotte",
    "alpha-2_code": "YT",
    "alpha-3_code": "MYT",
    "numeric": "175"
  },
  {
    "country": "Mexico",
    "alpha-2_code": "MX",
    "alpha-3_code": "MEX",
    "numeric": "484"
  },
  {
    "country": "Micronesia (Federated States of)",
    "alpha-2_code": "FM",
    "alpha-3_code": "FSM",
    "numeric": "583"
  },
  {
    "country": "Moldova (the Republic of)",
    "alpha-2_code": "MD",
    "alpha-3_code": "MDA",
    "numeric": "498"
  },
  {
    "country": "Monaco",
    "alpha-2_code": "MC",
    "alpha-3_code": "MCO",
    "numeric": "492"
  },
  {
    "country": "Mongolia",
    "alpha-2_code": "MN",
    "alpha-3_code": "MNG",
    "numeric": "496"
  },
  {
    "country": "Montenegro",
    "alpha-2_code": "ME",
    "alpha-3_code": "MNE",
    "numeric": "499"
  },
  {
    "country": "Montserrat",
    "alpha-2_code": "MS",
    "alpha-3_code": "MSR",
    "numeric": "500"
  },
  {
    "country": "Morocco",
    "alpha-2_code": "MA",
    "alpha-3_code": "MAR",
    "numeric": "504"
  },
  {
    "country": "Mozambique",
    "alpha-2_code": "MZ",
    "alpha-3_code": "MOZ",
    "numeric": "508"
  },
  {
    "country": "Myanmar",
    "alpha-2_code": "MM",
    "alpha-3_code": "MMR",
    "numeric": "104"
  },
  {
    "country": "Namibia",
    "alpha-2_code": "NA",
    "alpha-3_code": "NAM",
    "numeric": "516"
  },
  {
    "country": "Nauru",
    "alpha-2_code": "NR",
    "alpha-3_code": "NRU",
    "numeric": "520"
  },
  {
    "country": "Nepal",
    "alpha-2_code": "NP",
    "alpha-3_code": "NPL",
    "numeric": "524"
  },
  {
    "country": "Netherlands (the)",
    "alpha-2_code": "NL",
    "alpha-3_code": "NLD",
    "numeric": "528"
  },
  {
    "country": "New Caledonia",
    "alpha-2_code": "NC",
    "alpha-3_code": "NCL",
    "numeric": "540"
  },
  {
    "country": "New Zealand",
    "alpha-2_code": "NZ",
    "alpha-3_code": "NZL",
    "numeric": "554"
  },
  {
    "country": "Nicaragua",
    "alpha-2_code": "NI",
    "alpha-3_code": "NIC",
    "numeric": "558"
  },
  {
    "country": "Niger (the)",
    "alpha-2_code": "NE",
    "alpha-3_code": "NER",
    "numeric": "562"
  },
  {
    "country": "Nigeria",
    "alpha-2_code": "NG",
    "alpha-3_code": "NGA",
    "numeric": "566"
  },
  {
    "country": "Niue",
    "alpha-2_code": "NU",
    "alpha-3_code": "NIU",
    "numeric": "570"
  },
  {
    "country": "Norfolk Island",
    "alpha-2_code": "NF",
    "alpha-3_code": "NFK",
    "numeric": "574"
  },
  {
    "country": "Northern Mariana Islands (the)",
    "alpha-2_code": "MP",
    "alpha-3_code": "MNP",
    "numeric": "580"
  },
  {
    "country": "Norway",
    "alpha-2_code": "NO",
    "alpha-3_code": "NOR",
    "numeric": "578"
  },
  {
    "country": "Oman",
    "alpha-2_code": "OM",
    "alpha-3_code": "OMN",
    "numeric": "512"
  },
  {
    "country": "Pakistan",
    "alpha-2_code": "PK",
    "alpha-3_code": "PAK",
    "numeric": "586"
  },
  {
    "country": "Palau",
    "alpha-2_code": "PW",
    "alpha-3_code": "PLW",
    "numeric": "585"
  },
  {
    "country": "Palestine, State of",
    "alpha-2_code": "PS",
    "alpha-3_code": "PSE",
    "numeric": "275"
  },
  {
    "country": "Panama",
    "alpha-2_code": "PA",
    "alpha-3_code": "PAN",
    "numeric": "591"
  },
  {
    "country": "Papua New Guinea",
    "alpha-2_code": "PG",
    "alpha-3_code": "PNG",
    "numeric": "598"
  },
  {
    "country": "Paraguay",
    "alpha-2_code": "PY",
    "alpha-3_code": "PRY",
    "numeric": "600"
  },
  {
    "country": "Peru",
    "alpha-2_code": "PE",
    "alpha-3_code": "PER",
    "numeric": "604"
  },
  {
    "country": "Philippines (the)",
    "alpha-2_code": "PH",
    "alpha-3_code": "PHL",
    "numeric": "608"
  },
  {
    "country": "Pitcairn",
    "alpha-2_code": "PN",
    "alpha-3_code": "PCN",
    "numeric": "612"
  },
  {
    "country": "Poland",
    "alpha-2_code": "PL",
    "alpha-3_code": "POL",
    "numeric": "616"
  },
  {
    "country": "Portugal",
    "alpha-2_code": "PT",
    "alpha-3_code": "PRT",
    "numeric": "620"
  },
  {
    "country": "Puerto Rico",
    "alpha-2_code": "PR",
    "alpha-3_code": "PRI",
    "numeric": "630"
  },
  {
    "country": "Qatar",
    "alpha-2_code": "QA",
    "alpha-3_code": "QAT",
    "numeric": "634"
  },
  {
    "country": "Réunion",
    "alpha-2_code": "RE",
    "alpha-3_code": "REU",
    "numeric": "638"
  },
  {
    "country": "Romania",
    "alpha-2_code": "RO",
    "alpha-3_code": "ROU",
    "numeric": "642"
  },
  {
    "country": "Russian Federation (the)",
    "alpha-2_code": "RU",
    "alpha-3_code": "RUS",
    "numeric": "643"
  },
  {
    "country": "Rwanda",
    "alpha-2_code": "RW",
    "alpha-3_code": "RWA",
    "numeric": "646"
  },
  {
    "country": "Saint Barthélemy",
    "alpha-2_code": "BL",
    "alpha-3_code": "BLM",
    "numeric": "652"
  },
  {
    "country": "Saint Helena, Ascension and Tristan da Cunha",
    "alpha-2_code": "SH",
    "alpha-3_code": "SHN",
    "numeric": "654"
  },
  {
    "country": "Saint Kitts and Nevis",
    "alpha-2_code": "KN",
    "alpha-3_code": "KNA",
    "numeric": "659"
  },
  {
    "country": "Saint Lucia",
    "alpha-2_code": "LC",
    "alpha-3_code": "LCA",
    "numeric": "662"
  },
  {
    "country": "Saint Martin (French part)",
    "alpha-2_code": "MF",
    "alpha-3_code": "MAF",
    "numeric": "663"
  },
  {
    "country": "Saint Pierre and Miquelon",
    "alpha-2_code": "PM",
    "alpha-3_code": "SPM",
    "numeric": "666"
  },
  {
    "country": "Saint Vincent and the Grenadines",
    "alpha-2_code": "VC",
    "alpha-3_code": "VCT",
    "numeric": "670"
  },
  {
    "country": "Samoa",
    "alpha-2_code": "WS",
    "alpha-3_code": "WSM",
    "numeric": "882"
  },
  {
    "country": "San Marino",
    "alpha-2_code": "SM",
    "alpha-3_code": "SMR",
    "numeric": "674"
  },
  {
    "country": "Sao Tome and Principe",
    "alpha-2_code": "ST",
    "alpha-3_code": "STP",
    "numeric": "678"
  },
  {
    "country": "Saudi Arabia",
    "alpha-2_code": "SA",
    "alpha-3_code": "SAU",
    "numeric": "682"
  },
  {
    "country": "Senegal",
    "alpha-2_code": "SN",
    "alpha-3_code": "SEN",
    "numeric": "686"
  },
  {
    "country": "Serbia",
    "alpha-2_code": "RS",
    "alpha-3_code": "SRB",
    "numeric": "688"
  },
  {
    "country": "Seychelles",
    "alpha-2_code": "SC",
    "alpha-3_code": "SYC",
    "numeric": "690"
  },
  {
    "country": "Sierra Leone",
    "alpha-2_code": "SL",
    "alpha-3_code": "SLE",
    "numeric": "694"
  },
  {
    "country": "Singapore",
    "alpha-2_code": "SG",
    "alpha-3_code": "SGP",
    "numeric": "702"
  },
  {
    "country": "Sint Maarten (Dutch part)",
    "alpha-2_code": "SX",
    "alpha-3_code": "SXM",
    "numeric": "534"
  },
  {
    "country": "Slovakia",
    "alpha-2_code": "SK",
    "alpha-3_code": "SVK",
    "numeric": "703"
  },
  {
    "country": "Slovenia",
    "alpha-2_code": "SI",
    "alpha-3_code": "SVN",
    "numeric": "705"
  },
  {
    "country": "Solomon Islands",
    "alpha-2_code": "SB",
    "alpha-3_code": "SLB",
    "numeric": "090"
  },
  {
    "country": "Somalia",
    "alpha-2_code": "SO",
    "alpha-3_code": "SOM",
    "numeric": "706"
  },
  {
    "country": "South Africa",
    "alpha-2_code": "ZA",
    "alpha-3_code": "ZAF",
    "numeric": "710"
  },
  {
    "country": "South Georgia and the South Sandwich Islands",
    "alpha-2_code": "GS",
    "alpha-3_code": "SGS",
    "numeric": "239"
  },
  {
    "country": "South Sudan",
    "alpha-2_code": "SS",
    "alpha-3_code": "SSD",
    "numeric": "728"
  },
  {
    "country": "Spain",
    "alpha-2_code": "ES",
    "alpha-3_code": "ESP",
    "numeric": "724"
  },
  {
    "country": "Sri Lanka",
    "alpha-2_code": "LK",
    "alpha-3_code": "LKA",
    "numeric": "144"
  },
  {
    "country": "Sudan (the)",
    "alpha-2_code": "SD",
    "alpha-3_code": "SDN",
    "numeric": "729"
  },
  {
    "country": "Suriname",
    "alpha-2_code": "SR",
    "alpha-3_code": "SUR",
    "numeric": "740"
  },
  {
    "country": "Svalbard and Jan Mayen",
    "alpha-2_code": "SJ",
    "alpha-3_code": "SJM",
    "numeric": "744"
  },
  {
    "country": "Sweden",
    "alpha-2_code": "SE",
    "alpha-3_code": "SWE",
    "numeric": "752"
  },
  {
    "country": "Switzerland",
    "alpha-2_code": "CH",
    "alpha-3_code": "CHE",
    "numeric": "756"
  },
  {
    "country": "Syrian Arab Republic",
    "alpha-2_code": "SY",
    "alpha-3_code": "SYR",
    "numeric": "760"
  },
  {
    "country": "Taiwan (Province of China)",
    "alpha-2_code": "TW",
    "alpha-3_code": "TWN",
    "numeric": "158"
  },
  {
    "country": "Tajikistan",
    "alpha-2_code": "TJ",
    "alpha-3_code": "TJK",
    "numeric": "762"
  },
  {
    "country": "Tanzania, United Republic of",
    "alpha-2_code": "TZ",
    "alpha-3_code": "TZA",
    "numeric": "834"
  },
  {
    "country": "Thailand",
    "alpha-2_code": "TH",
    "alpha-3_code": "THA",
    "numeric": "764"
  },
  {
    "country": "Timor-Leste",
    "alpha-2_code": "TL",
    "alpha-3_code": "TLS",
    "numeric": "626"
  },
  {
    "country": "Togo",
    "alpha-2_code": "TG",
    "alpha-3_code": "TGO",
    "numeric": "768"
  },
  {
    "country": "Tokelau",
    "alpha-2_code": "TK",
    "alpha-3_code": "TKL",
    "numeric": "772"
  },
  {
    "country": "Tonga",
    "alpha-2_code": "TO",
    "alpha-3_code": "TON",
    "numeric": "776"
  },
  {
    "country": "Trinidad and Tobago",
    "alpha-2_code": "TT",
    "alpha-3_code": "TTO",
    "numeric": "780"
  },
  {
    "country": "Tunisia",
    "alpha-2_code": "TN",
    "alpha-3_code": "TUN",
    "numeric": "788"
  },
  {
    "country": "Turkey",
    "alpha-2_code": "TR",
    "alpha-3_code": "TUR",
    "numeric": "792"
  },
  {
    "country": "Turkmenistan",
    "alpha-2_code": "TM",
    "alpha-3_code": "TKM",
    "numeric": "795"
  },
  {
    "country": "Turks and Caicos Islands (the)",
    "alpha-2_code": "TC",
    "alpha-3_code": "TCA",
    "numeric": "796"
  },
  {
    "country": "Tuvalu",
    "alpha-2_code": "TV",
    "alpha-3_code": "TUV",
    "numeric": "798"
  },
  {
    "country": "Uganda",
    "alpha-2_code": "UG",
    "alpha-3_code": "UGA",
    "numeric": "800"
  },
  {
    "country": "Ukraine",
    "alpha-2_code": "UA",
    "alpha-3_code": "UKR",
    "numeric": "804"
  },
  {
    "country": "United Arab Emirates (the)",
    "alpha-2_code": "AE",
    "alpha-3_code": "ARE",
    "numeric": "784"
  },
  {
    "country": "United Kingdom of Great Britain and Northern Ireland (the)",
    "alpha-2_code": "GB",
    "alpha-3_code": "GBR",
    "numeric": "826"
  },
  {
    "country": "United States Minor Outlying Islands (the)",
    "alpha-2_code": "UM",
    "alpha-3_code": "UMI",
    "numeric": "581"
  },
  {
    "country": "United States of America (the)",
    "alpha-2_code": "US",
    "alpha-3_code": "USA",
    "numeric": "840"
  },
  {
    "country": "Uruguay",
    "alpha-2_code": "UY",
    "alpha-3_code": "URY",
    "numeric": "858"
  },
  {
    "country": "Uzbekistan",
    "alpha-2_code": "UZ",
    "alpha-3_code": "UZB",
    "numeric": "860"
  },
  {
    "country": "Vanuatu",
    "alpha-2_code": "VU",
    "alpha-3_code": "VUT",
    "numeric": "548"
  },
  {
    "country": "Venezuela (Bolivarian Republic of)",
    "alpha-2_code": "VE",
    "alpha-3_code": "VEN",
    "numeric": "862"
  },
  {
    "country": "Viet Nam",
    "alpha-2_code": "VN",
    "alpha-3_code": "VNM",
    "numeric": "704"
  },
  {
    "country": "Virgin Islands (British)",
    "alpha-2_code": "VG",
    "alpha-3_code": "VGB",
    "numeric": "092"
  },
  {
    "country": "Virgin Islands (U.S.)",
    "alpha-2_code": "VI",
    "alpha-3_code": "VIR",
    "numeric": "850"
  },
  {
    "country": "Wallis and Futuna",
    "alpha-2_code": "WF",
    "alpha-3_code": "WLF",
    "numeric": "876"
  },
  {
    "country": "Western Sahara",
    "alpha-2_code": "EH",
    "alpha-3_code": "ESH",
    "numeric": "732"
  },
  {
    "country": "Yemen",
    "alpha-2_code": "YE",
    "alpha-3_code": "YEM",
    "numeric": "887"
  },
  {
    "country": "Zambia",
    "alpha-2_code": "ZM",
    "alpha-3_code": "ZMB",
    "numeric": "894"
  },
  {
    "country": "Zimbabwe",
    "alpha-2_code": "ZW",
    "alpha-3_code": "ZWE",
    "numeric": "716"
  }
]